invoice_id,customer_id,amount,due_date,customer_historic_dso,customer_prior_disputes,customer_prior_writeoffs,po_mismatch_flag,partial_delivery_flag,customer_pays_after_day_of_month,email_opened,email_replied,is_msme_supplier,latent_cause,hidden_liquidity_day,hidden_ptp_will_promise,hidden_ptp_delay_days,hidden_optout_after_contacts,hidden_clue_noise
INV-0001,CUST-0001,148100.0,2026-05-01,97,0,0,False,False,17,False,False,True,CHRONIC,-1,True,17,0,False
INV-0002,CUST-0002,256500.0,2026-04-13,41,0,0,False,False,12,True,False,False,FORGOTTEN,-1,False,12,0,False
INV-0003,CUST-0003,58700.0,2026-04-27,101,0,2,False,False,11,True,False,True,CHRONIC,-1,True,13,0,False
INV-0004,CUST-0004,237800.0,2026-06-01,45,0,1,False,False,1,False,False,True,FORGOTTEN,-1,True,8,0,False
INV-0005,CUST-0005,31600.0,2026-05-25,40,0,0,False,False,14,True,True,False,FORGOTTEN,-1,True,19,0,False
INV-0006,CUST-0006,53900.0,2026-04-02,84,3,1,False,False,23,False,False,False,CASH_CRUNCH,42,True,19,0,True
INV-0007,CUST-0007,66600.0,2026-04-17,28,0,0,True,False,5,True,True,False,FORGOTTEN,-1,True,18,0,False
INV-0008,CUST-0008,777800.0,2026-06-27,93,0,3,False,False,5,False,False,True,CHRONIC,-1,True,9,0,False
INV-0009,CUST-0009,164100.0,2026-04-21,45,3,0,False,True,3,True,True,False,DISPUTE,-1,False,9,0,False
INV-0010,CUST-0010,202300.0,2026-06-16,44,0,0,False,False,8,True,False,False,FORGOTTEN,-1,False,16,0,False
INV-0011,CUST-0011,23100.0,2026-06-21,67,1,0,False,False,24,True,True,False,CASH_CRUNCH,57,True,12,0,False
INV-0012,CUST-0012,182300.0,2026-04-13,78,0,0,False,False,20,False,False,True,CASH_CRUNCH,42,True,21,0,False
INV-0013,CUST-0013,101000.0,2026-06-15,87,0,1,False,False,20,False,False,True,CHRONIC,-1,True,10,0,False
INV-0014,CUST-0014,212900.0,2026-04-18,57,0,0,False,False,5,False,False,False,FORGOTTEN,-1,True,9,0,False
INV-0015,CUST-0015,156700.0,2026-06-16,46,3,0,False,True,9,True,True,False,DISPUTE,-1,False,20,0,False
INV-0016,CUST-0016,60200.0,2026-04-01,39,0,0,False,False,13,True,False,True,FORGOTTEN,-1,False,14,0,False
INV-0017,CUST-0017,166400.0,2026-05-13,47,2,0,True,False,10,False,False,False,CASH_CRUNCH,59,True,20,0,True
INV-0018,CUST-0018,27100.0,2026-04-27,51,2,0,False,False,8,False,False,False,DISPUTE,-1,False,21,0,False
INV-0019,CUST-0019,194700.0,2026-05-04,72,0,1,False,False,20,True,False,True,CASH_CRUNCH,48,False,20,2,False
INV-0020,CUST-0020,82800.0,2026-05-25,38,4,0,False,False,8,True,True,True,DISPUTE,-1,True,7,0,False
INV-0021,CUST-0021,31300.0,2026-04-08,58,1,0,False,False,11,False,False,False,FORGOTTEN,-1,True,17,0,False
INV-0022,CUST-0022,538300.0,2026-05-15,64,0,0,False,False,27,True,True,True,CASH_CRUNCH,61,False,10,0,False
INV-0023,CUST-0023,28000.0,2026-06-20,93,1,1,False,False,15,False,False,False,CHRONIC,-1,False,15,0,False
INV-0024,CUST-0024,103200.0,2026-05-21,50,0,0,False,False,14,True,False,True,FORGOTTEN,-1,True,7,0,False
INV-0025,CUST-0025,57000.0,2026-04-27,70,4,0,True,False,6,True,True,True,DISPUTE,-1,True,21,0,False
INV-0026,CUST-0026,98300.0,2026-04-21,51,0,0,True,False,25,True,False,True,FORGOTTEN,-1,True,12,0,True
INV-0027,CUST-0027,15400.0,2026-04-24,43,0,0,True,True,8,True,False,False,DISPUTE,-1,False,14,0,False
INV-0028,CUST-0028,248000.0,2026-04-17,110,0,1,False,False,6,True,False,True,CHRONIC,-1,False,9,4,False
INV-0029,CUST-0029,91600.0,2026-06-16,74,0,0,False,True,22,True,True,False,CASH_CRUNCH,66,True,21,0,False
INV-0030,CUST-0030,129300.0,2026-04-03,83,0,1,False,False,22,True,True,True,CASH_CRUNCH,46,True,19,0,False
INV-0031,CUST-0031,114600.0,2026-05-16,82,0,0,False,False,22,True,False,True,CASH_CRUNCH,43,True,18,0,False
INV-0032,CUST-0032,170600.0,2026-06-27,51,0,0,False,False,3,True,True,True,FORGOTTEN,-1,True,16,0,False
INV-0033,CUST-0033,90000.0,2026-06-23,75,1,0,False,False,27,True,False,True,CASH_CRUNCH,63,True,15,0,False
INV-0034,CUST-0034,159800.0,2026-04-18,58,1,1,False,True,10,False,False,True,DISPUTE,-1,False,17,0,False
INV-0035,CUST-0035,89400.0,2026-06-17,40,1,0,False,False,24,True,True,True,CASH_CRUNCH,64,False,17,0,False
INV-0036,CUST-0036,271800.0,2026-05-01,83,1,3,False,False,11,False,False,True,CHRONIC,-1,False,13,0,False
INV-0037,CUST-0037,35800.0,2026-04-26,45,0,0,False,False,6,True,False,False,FORGOTTEN,-1,False,12,0,False
INV-0038,CUST-0038,147000.0,2026-06-08,61,0,0,False,False,26,True,True,False,CASH_CRUNCH,55,True,11,0,False
INV-0039,CUST-0039,83100.0,2026-04-08,30,0,0,False,False,7,False,False,True,FORGOTTEN,-1,True,8,0,False
INV-0040,CUST-0040,127800.0,2026-04-17,78,1,2,False,False,8,False,False,True,CHRONIC,-1,True,10,4,False
INV-0041,CUST-0041,103300.0,2026-06-19,96,0,4,False,False,24,False,False,False,CHRONIC,-1,False,8,0,False
INV-0042,CUST-0042,279600.0,2026-05-05,60,1,0,False,False,16,True,True,False,DISPUTE,-1,False,21,0,False
INV-0043,CUST-0043,180200.0,2026-06-14,68,0,0,False,False,21,False,False,True,CASH_CRUNCH,44,True,19,0,False
INV-0044,CUST-0044,123800.0,2026-05-10,109,2,3,False,True,16,False,False,False,FORGOTTEN,-1,True,21,0,True
INV-0045,CUST-0045,232600.0,2026-05-01,48,0,0,False,False,3,True,False,False,FORGOTTEN,-1,False,14,0,False
INV-0046,CUST-0046,113700.0,2026-06-21,59,4,1,False,True,9,True,True,True,CHRONIC,-1,True,17,0,True
INV-0047,CUST-0047,46800.0,2026-06-22,63,1,0,False,False,6,True,True,True,DISPUTE,-1,False,7,0,False
INV-0048,CUST-0048,307400.0,2026-04-23,83,0,2,False,False,19,False,False,False,CHRONIC,-1,True,18,0,False
INV-0049,CUST-0049,288200.0,2026-06-03,49,0,0,False,False,7,False,False,False,DISPUTE,-1,False,13,0,False
INV-0050,CUST-0050,133500.0,2026-05-29,33,2,1,False,False,8,True,False,False,FORGOTTEN,-1,True,16,0,False
INV-0051,CUST-0051,28600.0,2026-04-26,110,2,0,False,False,4,True,False,True,CHRONIC,-1,True,19,0,False
INV-0052,CUST-0052,216000.0,2026-04-11,120,2,0,False,False,6,False,False,True,CHRONIC,-1,True,13,0,False
INV-0053,CUST-0053,331700.0,2026-04-17,42,0,0,False,False,1,True,False,True,FORGOTTEN,-1,False,14,0,False
INV-0054,CUST-0054,131500.0,2026-05-15,31,0,0,False,False,7,True,False,False,FORGOTTEN,-1,False,9,0,False
INV-0055,CUST-0055,109800.0,2026-05-29,46,0,0,True,False,3,False,False,True,CHRONIC,-1,True,12,0,True
INV-0056,CUST-0056,19800.0,2026-05-12,51,0,1,False,False,25,True,True,True,CASH_CRUNCH,47,True,17,0,False
INV-0057,CUST-0057,224800.0,2026-06-22,49,0,0,False,False,1,False,False,False,FORGOTTEN,-1,True,12,0,False
INV-0058,CUST-0058,82800.0,2026-06-14,17,0,0,False,False,6,True,False,True,FORGOTTEN,-1,True,12,0,False
INV-0059,CUST-0059,58400.0,2026-04-29,39,0,0,False,False,23,True,True,True,CASH_CRUNCH,57,True,9,0,False
INV-0060,CUST-0060,39700.0,2026-04-20,58,0,0,False,False,21,True,False,False,FORGOTTEN,-1,True,12,0,True
INV-0061,CUST-0061,156800.0,2026-06-23,31,0,0,False,False,10,True,False,True,FORGOTTEN,-1,True,19,0,False
INV-0062,CUST-0062,242600.0,2026-06-13,35,0,0,False,False,10,True,False,True,FORGOTTEN,-1,False,8,0,False
INV-0063,CUST-0063,122900.0,2026-05-06,71,1,1,False,False,24,False,False,True,CASH_CRUNCH,55,True,19,0,False
INV-0064,CUST-0064,29500.0,2026-04-25,58,1,0,False,False,13,False,False,False,FORGOTTEN,-1,False,16,0,False
INV-0065,CUST-0065,108100.0,2026-05-21,59,2,0,True,True,9,True,True,False,DISPUTE,-1,False,18,0,False
INV-0066,CUST-0066,166400.0,2026-04-08,49,0,0,False,False,2,True,True,False,FORGOTTEN,-1,True,20,0,False
INV-0067,CUST-0067,80800.0,2026-05-21,22,0,0,False,False,1,False,False,False,FORGOTTEN,-1,True,19,0,False
INV-0068,CUST-0068,48900.0,2026-05-21,65,3,0,False,False,21,False,False,True,CASH_CRUNCH,43,True,10,0,False
INV-0069,CUST-0069,117600.0,2026-05-31,83,0,3,False,True,27,False,False,False,CHRONIC,-1,True,14,3,False
INV-0070,CUST-0070,182900.0,2026-06-12,66,0,0,False,False,24,True,False,False,CHRONIC,-1,True,10,0,True
INV-0071,CUST-0071,273600.0,2026-05-17,40,0,0,True,False,6,False,False,True,FORGOTTEN,-1,True,21,0,False
INV-0072,CUST-0072,273700.0,2026-05-06,29,0,0,False,False,14,True,False,False,FORGOTTEN,-1,True,17,0,False
INV-0073,CUST-0073,197900.0,2026-05-05,50,2,1,False,False,12,False,False,False,DISPUTE,-1,True,19,0,False
INV-0074,CUST-0074,73600.0,2026-06-23,106,1,1,False,False,16,True,False,True,CHRONIC,-1,True,9,0,False
INV-0075,CUST-0075,190400.0,2026-05-16,77,4,0,True,True,3,True,False,False,DISPUTE,-1,False,9,0,False
INV-0076,CUST-0076,170500.0,2026-06-09,55,0,0,False,False,13,False,False,True,FORGOTTEN,-1,True,11,0,False
INV-0077,CUST-0077,80700.0,2026-04-25,74,0,2,False,False,24,False,False,False,CHRONIC,-1,True,8,0,False
INV-0078,CUST-0078,89500.0,2026-06-20,35,0,0,False,False,15,True,False,False,FORGOTTEN,-1,True,14,0,False
INV-0079,CUST-0079,124400.0,2026-04-05,82,0,3,False,False,27,False,False,False,CHRONIC,-1,True,21,0,False
INV-0080,CUST-0080,84400.0,2026-04-26,41,0,0,False,False,26,False,False,True,CASH_CRUNCH,62,True,11,0,False
INV-0081,CUST-0081,45700.0,2026-04-14,63,1,0,False,False,21,True,True,False,CASH_CRUNCH,47,True,11,0,False
INV-0082,CUST-0082,135100.0,2026-06-07,71,1,2,False,False,2,False,False,True,CHRONIC,-1,True,20,0,False
INV-0083,CUST-0083,101300.0,2026-05-26,73,0,0,False,False,23,True,False,False,CASH_CRUNCH,55,False,14,0,False
INV-0084,CUST-0084,26300.0,2026-06-11,69,0,0,True,True,9,True,False,False,DISPUTE,-1,True,15,2,False
INV-0085,CUST-0085,62500.0,2026-04-18,84,0,1,False,False,13,False,False,False,CHRONIC,-1,True,12,2,False
INV-0086,CUST-0086,42700.0,2026-05-08,28,0,0,False,False,15,False,False,True,FORGOTTEN,-1,True,10,0,False
INV-0087,CUST-0087,350000.0,2026-06-20,57,2,1,True,False,5,True,True,False,DISPUTE,-1,False,12,4,False
INV-0088,CUST-0088,148700.0,2026-05-08,54,2,0,True,False,14,True,True,True,CASH_CRUNCH,66,False,9,0,True
INV-0089,CUST-0089,155500.0,2026-05-25,41,0,0,False,False,7,True,False,True,FORGOTTEN,-1,False,13,0,False
INV-0090,CUST-0090,142700.0,2026-06-10,35,0,0,False,False,5,True,True,False,FORGOTTEN,-1,True,13,0,False
INV-0091,CUST-0091,120900.0,2026-04-17,74,0,1,False,False,11,True,False,False,DISPUTE,-1,False,8,0,False
INV-0092,CUST-0092,84800.0,2026-04-23,26,1,0,True,False,10,True,False,False,DISPUTE,-1,False,18,0,False
INV-0093,CUST-0093,120200.0,2026-04-09,46,1,1,False,False,10,False,False,False,FORGOTTEN,-1,True,14,0,False
INV-0094,CUST-0094,73900.0,2026-04-20,26,1,0,False,False,5,True,False,False,FORGOTTEN,-1,True,13,0,False
INV-0095,CUST-0095,39000.0,2026-06-07,49,0,0,False,True,7,True,True,False,FORGOTTEN,-1,False,10,0,True
INV-0096,CUST-0096,301800.0,2026-05-11,90,0,0,False,False,20,True,True,False,CASH_CRUNCH,59,True,8,0,False
INV-0097,CUST-0097,34100.0,2026-05-05,19,0,0,False,False,11,True,True,False,FORGOTTEN,-1,True,20,0,False
INV-0098,CUST-0098,35000.0,2026-04-07,63,1,0,False,False,22,True,False,False,FORGOTTEN,-1,True,16,0,True
INV-0099,CUST-0099,68700.0,2026-04-11,57,0,1,False,False,21,True,False,False,CASH_CRUNCH,46,True,11,0,False
INV-0100,CUST-0100,105400.0,2026-05-10,70,0,0,False,False,22,True,False,True,CASH_CRUNCH,57,True,17,0,False
INV-0101,CUST-0101,248500.0,2026-05-25,120,0,4,False,False,3,False,False,False,CHRONIC,-1,True,16,0,False
INV-0102,CUST-0102,22700.0,2026-05-09,50,0,0,False,False,25,True,True,True,CASH_CRUNCH,45,True,16,0,False
INV-0103,CUST-0103,119900.0,2026-04-15,41,1,0,False,False,5,False,False,False,FORGOTTEN,-1,True,13,0,False
INV-0104,CUST-0104,239700.0,2026-05-28,31,1,0,False,False,14,False,False,True,DISPUTE,-1,False,12,0,False
INV-0105,CUST-0105,174200.0,2026-04-08,33,0,0,False,False,14,False,False,False,FORGOTTEN,-1,True,20,0,False
INV-0106,CUST-0106,217600.0,2026-04-11,52,2,0,True,False,11,True,True,False,DISPUTE,-1,False,21,3,False
INV-0107,CUST-0107,301500.0,2026-05-27,98,0,1,False,False,5,False,False,True,CHRONIC,-1,True,17,3,False
INV-0108,CUST-0108,432700.0,2026-04-28,63,1,0,False,False,17,True,False,True,DISPUTE,-1,False,15,0,False
INV-0109,CUST-0109,43100.0,2026-04-10,57,0,0,False,False,23,True,False,True,FORGOTTEN,-1,False,7,0,True
INV-0110,CUST-0110,123500.0,2026-06-23,65,0,1,False,False,7,False,False,False,FORGOTTEN,-1,True,11,0,True
INV-0111,CUST-0111,44800.0,2026-06-03,46,1,0,False,False,15,True,False,False,FORGOTTEN,-1,True,16,0,False
INV-0112,CUST-0112,508300.0,2026-05-30,61,0,1,False,False,26,True,True,False,CASH_CRUNCH,58,True,21,0,False
INV-0113,CUST-0113,66600.0,2026-04-26,45,4,0,False,True,7,True,True,False,DISPUTE,-1,False,9,0,False
INV-0114,CUST-0114,245700.0,2026-05-19,66,2,1,True,True,4,True,True,True,DISPUTE,-1,True,17,0,False
INV-0115,CUST-0115,95600.0,2026-04-19,82,0,0,False,True,24,True,True,True,CHRONIC,-1,True,10,0,True
INV-0116,CUST-0116,110500.0,2026-04-26,76,0,0,False,False,17,True,False,False,CHRONIC,-1,True,20,0,False
INV-0117,CUST-0117,217100.0,2026-04-02,50,2,0,False,True,2,True,True,True,DISPUTE,-1,False,13,0,False
INV-0118,CUST-0118,31900.0,2026-05-16,44,0,0,False,False,2,True,False,True,FORGOTTEN,-1,True,20,0,False
INV-0119,CUST-0119,217300.0,2026-04-28,57,3,0,True,True,13,True,True,False,DISPUTE,-1,False,17,0,False
INV-0120,CUST-0120,125900.0,2026-04-27,50,0,0,False,False,26,True,True,False,CASH_CRUNCH,57,True,8,0,False
INV-0121,CUST-0121,33800.0,2026-06-08,48,3,0,True,True,15,True,True,True,DISPUTE,-1,False,16,2,False
INV-0122,CUST-0122,241400.0,2026-06-08,36,0,0,False,False,6,True,True,False,CASH_CRUNCH,50,True,11,0,True
INV-0123,CUST-0123,25600.0,2026-06-29,54,1,1,False,False,26,True,False,False,CASH_CRUNCH,64,True,20,0,False
INV-0124,CUST-0124,132200.0,2026-05-09,49,2,0,True,True,14,True,True,False,CHRONIC,-1,True,19,0,True
INV-0125,CUST-0125,131000.0,2026-05-31,48,0,0,False,False,1,True,False,False,FORGOTTEN,-1,True,9,0,False
INV-0126,CUST-0126,62800.0,2026-04-11,76,0,1,False,False,28,False,False,True,CHRONIC,-1,False,21,0,False
INV-0127,CUST-0127,57900.0,2026-04-17,73,0,0,False,False,23,False,False,False,CASH_CRUNCH,43,False,10,0,False
INV-0128,CUST-0128,55800.0,2026-06-01,49,2,1,False,True,17,False,False,True,DISPUTE,-1,False,8,0,False
INV-0129,CUST-0129,25000.0,2026-04-09,93,0,1,True,False,13,False,False,False,CHRONIC,-1,True,13,0,False
INV-0130,CUST-0130,98900.0,2026-04-23,81,0,2,False,False,19,False,False,False,CHRONIC,-1,True,12,0,False
INV-0131,CUST-0131,594500.0,2026-05-10,63,0,1,False,False,23,True,True,True,CASH_CRUNCH,70,False,17,0,False
INV-0132,CUST-0132,202100.0,2026-04-15,61,0,1,False,False,25,False,False,False,CASH_CRUNCH,56,True,20,0,False
INV-0133,CUST-0133,362700.0,2026-04-15,49,0,0,False,False,27,False,False,False,CASH_CRUNCH,62,True,18,0,False
INV-0134,CUST-0134,304200.0,2026-04-09,68,0,0,True,True,26,True,False,False,CASH_CRUNCH,49,True,18,0,False
INV-0135,CUST-0135,174500.0,2026-05-15,68,2,0,True,True,6,True,True,True,DISPUTE,-1,False,19,0,False
INV-0136,CUST-0136,166300.0,2026-04-19,66,2,0,False,False,15,True,False,True,DISPUTE,-1,True,15,0,False
INV-0137,CUST-0137,77200.0,2026-05-19,36,1,0,True,False,16,True,False,True,DISPUTE,-1,False,8,2,False
INV-0138,CUST-0138,187500.0,2026-06-22,66,1,0,False,False,27,False,False,True,CASH_CRUNCH,69,True,7,0,False
INV-0139,CUST-0139,139700.0,2026-05-11,89,0,0,False,False,26,True,True,False,CASH_CRUNCH,41,False,9,0,False
INV-0140,CUST-0140,18900.0,2026-05-24,45,0,0,False,False,11,True,False,True,FORGOTTEN,-1,True,19,0,False
INV-0141,CUST-0141,137300.0,2026-06-12,50,0,0,False,False,25,True,False,True,CASH_CRUNCH,58,False,12,0,False
INV-0142,CUST-0142,96800.0,2026-06-23,81,0,1,False,False,23,True,True,False,CASH_CRUNCH,43,True,19,0,False
INV-0143,CUST-0143,222000.0,2026-05-23,18,0,0,False,False,14,False,False,False,CHRONIC,-1,True,20,0,True
INV-0144,CUST-0144,67200.0,2026-04-05,70,0,0,False,False,20,True,True,False,CASH_CRUNCH,46,True,7,0,False
INV-0145,CUST-0145,25900.0,2026-04-02,103,2,2,False,False,28,False,False,False,CHRONIC,-1,True,20,0,False
INV-0146,CUST-0146,799100.0,2026-04-13,35,0,0,False,False,12,True,False,False,FORGOTTEN,-1,True,18,0,False
INV-0147,CUST-0147,293900.0,2026-06-26,115,0,2,False,False,17,False,False,False,CHRONIC,-1,False,8,0,False
INV-0148,CUST-0148,195200.0,2026-04-25,32,0,0,False,True,14,True,False,False,FORGOTTEN,-1,False,17,0,False
INV-0149,CUST-0149,217700.0,2026-05-21,56,2,0,True,False,7,True,True,False,DISPUTE,-1,False,9,3,False
INV-0150,CUST-0150,109600.0,2026-06-10,57,2,0,False,False,24,True,False,False,CASH_CRUNCH,61,True,9,0,False
INV-0151,CUST-0151,877300.0,2026-04-10,50,0,0,False,False,1,True,False,False,FORGOTTEN,-1,True,21,0,False
INV-0152,CUST-0152,91000.0,2026-05-13,77,0,0,False,True,25,True,False,True,CASH_CRUNCH,43,True,18,0,False
INV-0153,CUST-0153,195700.0,2026-05-05,65,0,0,False,False,1,True,True,False,DISPUTE,-1,False,19,4,False
INV-0154,CUST-0154,307500.0,2026-06-05,49,0,0,False,False,4,True,False,True,DISPUTE,-1,False,13,0,True
INV-0155,CUST-0155,26500.0,2026-04-21,48,1,0,False,False,14,True,True,False,FORGOTTEN,-1,True,19,0,False
INV-0156,CUST-0156,332800.0,2026-06-21,57,1,1,False,False,26,False,False,True,CHRONIC,-1,False,20,0,False
INV-0157,CUST-0157,50400.0,2026-05-17,24,0,0,False,False,9,False,False,True,FORGOTTEN,-1,True,17,0,False
INV-0158,CUST-0158,56700.0,2026-06-11,50,0,0,False,False,22,False,False,False,CASH_CRUNCH,49,True,20,0,False
INV-0159,CUST-0159,53500.0,2026-05-06,71,1,1,False,False,26,False,False,False,CASH_CRUNCH,46,True,20,0,False
INV-0160,CUST-0160,533200.0,2026-05-13,72,0,0,False,False,22,True,False,True,CASH_CRUNCH,52,True,8,0,False
INV-0161,CUST-0161,120500.0,2026-06-25,80,0,0,False,False,23,True,True,False,CASH_CRUNCH,47,True,9,0,False
INV-0162,CUST-0162,104200.0,2026-04-28,49,1,0,False,False,11,True,False,True,FORGOTTEN,-1,False,14,0,False
INV-0163,CUST-0163,102000.0,2026-04-02,66,0,0,False,False,4,True,False,False,FORGOTTEN,-1,False,13,0,False
INV-0164,CUST-0164,436900.0,2026-04-27,54,0,0,False,False,21,False,False,True,CASH_CRUNCH,52,True,17,0,False
INV-0165,CUST-0165,21500.0,2026-04-21,52,3,1,False,True,9,True,True,False,DISPUTE,-1,False,18,4,False
INV-0166,CUST-0166,348900.0,2026-05-16,58,1,0,False,False,27,False,False,False,DISPUTE,-1,True,15,2,True
INV-0167,CUST-0167,383100.0,2026-04-10,21,3,1,False,False,9,True,True,True,DISPUTE,-1,True,18,0,False
INV-0168,CUST-0168,83500.0,2026-05-23,55,0,1,False,False,24,False,False,False,CASH_CRUNCH,62,False,8,0,False
INV-0169,CUST-0169,46500.0,2026-06-18,120,1,1,False,False,17,False,False,True,CHRONIC,-1,True,17,2,False
INV-0170,CUST-0170,64200.0,2026-05-12,56,3,0,True,False,11,False,False,False,FORGOTTEN,-1,False,7,0,True
INV-0171,CUST-0171,313100.0,2026-05-23,65,5,0,True,False,7,True,True,False,DISPUTE,-1,False,13,0,False
INV-0172,CUST-0172,71600.0,2026-05-09,41,0,0,False,False,1,False,False,True,FORGOTTEN,-1,True,21,0,False
INV-0173,CUST-0173,71800.0,2026-04-23,62,1,0,True,False,6,True,True,True,DISPUTE,-1,False,20,3,False
INV-0174,CUST-0174,47400.0,2026-06-03,82,1,1,False,False,14,False,False,True,CHRONIC,-1,True,15,0,False
INV-0175,CUST-0175,103100.0,2026-06-29,117,2,2,False,False,4,False,False,False,CHRONIC,-1,True,13,0,False
INV-0176,CUST-0176,113600.0,2026-06-18,47,2,0,True,True,17,True,False,False,CASH_CRUNCH,67,True,7,0,True
INV-0177,CUST-0177,65200.0,2026-05-31,27,0,0,False,False,8,True,False,True,CASH_CRUNCH,58,False,20,0,True
INV-0178,CUST-0178,136300.0,2026-06-09,56,3,0,True,True,10,False,False,False,DISPUTE,-1,False,18,2,False
INV-0179,CUST-0179,55200.0,2026-05-24,52,0,0,False,False,21,False,False,True,CASH_CRUNCH,64,True,18,0,False
INV-0180,CUST-0180,119800.0,2026-04-16,67,0,2,False,False,12,False,False,True,CHRONIC,-1,True,19,0,False
INV-0181,CUST-0181,246600.0,2026-06-18,74,0,0,True,False,17,True,False,False,FORGOTTEN,-1,False,9,0,True
INV-0182,CUST-0182,92100.0,2026-06-07,53,1,1,False,False,25,True,False,False,CASH_CRUNCH,60,True,15,4,False
INV-0183,CUST-0183,694400.0,2026-04-25,74,3,0,True,True,7,True,True,False,DISPUTE,-1,False,18,3,False
INV-0184,CUST-0184,70900.0,2026-05-31,93,0,1,False,False,21,True,False,True,CHRONIC,-1,True,16,0,False
INV-0185,CUST-0185,500000.0,2026-05-16,68,1,3,False,False,22,False,False,False,CHRONIC,-1,True,13,3,False
INV-0186,CUST-0186,94500.0,2026-06-05,75,3,0,False,True,5,True,False,True,DISPUTE,-1,False,15,0,False
INV-0187,CUST-0187,168700.0,2026-05-06,68,1,0,False,False,15,True,True,False,DISPUTE,-1,False,18,0,False
INV-0188,CUST-0188,153400.0,2026-04-18,30,0,0,False,False,14,True,True,False,FORGOTTEN,-1,False,10,0,False
INV-0189,CUST-0189,77000.0,2026-05-27,47,0,0,False,False,26,True,False,True,CASH_CRUNCH,47,True,14,0,False
INV-0190,CUST-0190,80600.0,2026-04-22,47,0,0,False,False,11,True,True,True,FORGOTTEN,-1,True,9,0,False
INV-0191,CUST-0191,240100.0,2026-04-14,69,2,1,True,True,9,True,False,True,CHRONIC,-1,True,21,0,True
INV-0192,CUST-0192,53100.0,2026-06-24,62,0,0,False,False,2,True,False,False,FORGOTTEN,-1,True,8,0,True
INV-0193,CUST-0193,48100.0,2026-06-03,35,0,0,False,False,3,False,False,True,FORGOTTEN,-1,True,9,0,False
INV-0194,CUST-0194,155400.0,2026-06-05,75,0,0,False,False,27,True,True,True,CASH_CRUNCH,55,True,21,0,False
INV-0195,CUST-0195,62400.0,2026-06-08,60,0,0,False,False,22,True,True,False,CASH_CRUNCH,57,False,15,0,False
INV-0196,CUST-0196,58800.0,2026-04-14,54,0,0,False,False,25,True,False,True,CASH_CRUNCH,50,True,17,0,False
INV-0197,CUST-0197,106300.0,2026-05-02,38,0,0,False,False,3,False,False,True,FORGOTTEN,-1,True,9,0,False
INV-0198,CUST-0198,68700.0,2026-06-20,39,0,0,False,False,8,True,False,True,FORGOTTEN,-1,True,16,0,False
INV-0199,CUST-0199,49600.0,2026-04-08,104,0,5,False,True,8,True,False,True,CHRONIC,-1,True,19,2,False
INV-0200,CUST-0200,301700.0,2026-05-22,28,0,0,False,False,5,False,False,False,FORGOTTEN,-1,True,9,0,False
INV-0201,CUST-0201,47700.0,2026-05-27,51,1,0,True,True,13,True,True,True,DISPUTE,-1,False,7,0,False
INV-0202,CUST-0202,52700.0,2026-05-11,29,0,0,False,False,6,True,False,False,FORGOTTEN,-1,True,18,0,False
INV-0203,CUST-0203,233800.0,2026-05-20,62,0,0,False,True,5,False,False,True,DISPUTE,-1,False,14,0,False
INV-0204,CUST-0204,337500.0,2026-06-19,105,0,1,False,False,4,False,False,True,CHRONIC,-1,True,19,0,False
INV-0205,CUST-0205,77200.0,2026-05-17,82,0,1,False,False,15,False,False,True,CHRONIC,-1,True,20,0,False
INV-0206,CUST-0206,576200.0,2026-05-21,87,2,2,False,True,1,False,False,False,CHRONIC,-1,True,11,0,False
INV-0207,CUST-0207,71000.0,2026-06-18,53,0,0,False,False,26,True,False,True,CASH_CRUNCH,52,True,9,0,False
INV-0208,CUST-0208,48400.0,2026-06-26,57,0,1,False,False,27,False,False,False,CASH_CRUNCH,54,True,20,0,False
INV-0209,CUST-0209,139200.0,2026-06-16,60,0,0,False,True,24,True,False,False,CASH_CRUNCH,66,True,8,0,False
INV-0210,CUST-0210,186100.0,2026-05-17,48,1,0,False,False,2,True,False,True,FORGOTTEN,-1,True,15,0,False
INV-0211,CUST-0211,252200.0,2026-06-19,58,0,1,False,False,20,True,True,False,CASH_CRUNCH,52,True,20,0,False
INV-0212,CUST-0212,185700.0,2026-06-19,15,0,0,False,False,7,True,False,False,FORGOTTEN,-1,True,11,0,False
INV-0213,CUST-0213,650500.0,2026-04-02,59,4,0,True,False,7,True,False,False,DISPUTE,-1,False,7,0,False
INV-0214,CUST-0214,171800.0,2026-06-14,55,3,1,True,False,6,True,True,False,FORGOTTEN,-1,True,19,0,True
INV-0215,CUST-0215,127300.0,2026-05-01,68,6,0,False,True,18,True,True,False,DISPUTE,-1,False,19,0,False
INV-0216,CUST-0216,244800.0,2026-04-12,77,0,0,False,False,23,True,False,False,CASH_CRUNCH,58,True,17,0,False
INV-0217,CUST-0217,85700.0,2026-05-05,43,0,0,False,False,15,True,False,True,FORGOTTEN,-1,True,15,0,False
INV-0218,CUST-0218,51300.0,2026-05-24,57,0,0,True,False,20,True,False,False,CASH_CRUNCH,45,True,17,0,False
INV-0219,CUST-0219,29900.0,2026-04-14,43,0,0,False,False,15,True,False,True,FORGOTTEN,-1,False,21,0,False
INV-0220,CUST-0220,263500.0,2026-04-02,46,1,0,False,False,24,False,False,False,CASH_CRUNCH,67,False,9,0,False
INV-0221,CUST-0221,204900.0,2026-06-08,63,0,0,False,False,24,True,False,True,CASH_CRUNCH,53,True,10,2,False
INV-0222,CUST-0222,34200.0,2026-04-24,48,0,0,False,False,6,False,False,False,FORGOTTEN,-1,True,11,0,False
INV-0223,CUST-0223,169600.0,2026-05-06,53,3,0,True,False,1,True,True,False,DISPUTE,-1,False,16,2,False
INV-0224,CUST-0224,57700.0,2026-04-25,58,0,0,False,False,5,False,False,False,FORGOTTEN,-1,True,10,0,False
INV-0225,CUST-0225,25900.0,2026-04-24,86,1,1,False,False,22,False,False,False,CHRONIC,-1,True,13,0,False
INV-0226,CUST-0226,41100.0,2026-06-17,94,1,0,False,False,23,False,False,True,CHRONIC,-1,True,13,0,False
INV-0227,CUST-0227,36000.0,2026-04-23,64,0,0,True,False,10,True,False,True,DISPUTE,-1,False,7,0,False
INV-0228,CUST-0228,1130800.0,2026-04-01,87,1,2,False,False,12,False,False,True,CHRONIC,-1,True,11,2,False
INV-0229,CUST-0229,60200.0,2026-06-07,72,1,1,True,True,4,True,True,True,DISPUTE,-1,False,10,0,False
INV-0230,CUST-0230,309200.0,2026-05-10,43,0,0,False,False,7,True,False,False,DISPUTE,-1,False,19,0,True
INV-0231,CUST-0231,399400.0,2026-06-10,42,1,0,False,False,9,True,False,False,FORGOTTEN,-1,False,14,0,False
INV-0232,CUST-0232,672600.0,2026-06-17,75,5,1,False,False,15,True,True,False,DISPUTE,-1,False,7,0,False
INV-0233,CUST-0233,192700.0,2026-04-24,62,0,0,False,False,26,True,True,True,CASH_CRUNCH,53,True,14,0,False
INV-0234,CUST-0234,152700.0,2026-06-24,46,0,0,True,False,27,True,False,False,CASH_CRUNCH,55,True,16,0,False
INV-0235,CUST-0235,114600.0,2026-06-23,87,1,1,True,False,6,True,True,False,DISPUTE,-1,False,20,0,False
INV-0236,CUST-0236,59400.0,2026-04-07,47,0,0,False,False,6,True,False,True,FORGOTTEN,-1,True,7,2,False
INV-0237,CUST-0237,149800.0,2026-05-09,47,0,0,False,False,15,True,False,True,CASH_CRUNCH,57,True,17,0,True
INV-0238,CUST-0238,1490700.0,2026-06-10,89,3,0,True,True,3,False,False,False,DISPUTE,-1,False,11,0,False
INV-0239,CUST-0239,100300.0,2026-05-25,35,0,0,False,False,7,True,False,False,FORGOTTEN,-1,True,8,0,False
INV-0240,CUST-0240,235700.0,2026-05-10,61,0,1,False,False,13,False,False,False,CHRONIC,-1,True,16,0,False
INV-0241,CUST-0241,619900.0,2026-05-23,69,0,1,False,False,21,True,True,True,FORGOTTEN,-1,True,16,0,True
INV-0242,CUST-0242,61200.0,2026-04-23,115,0,4,False,True,17,False,False,False,CASH_CRUNCH,70,False,13,0,True
INV-0243,CUST-0243,81900.0,2026-05-18,74,0,0,False,False,24,True,False,False,CASH_CRUNCH,45,True,10,0,False
INV-0244,CUST-0244,148300.0,2026-05-15,44,1,0,False,False,9,True,False,False,FORGOTTEN,-1,True,12,0,False
INV-0245,CUST-0245,14700.0,2026-05-15,53,2,1,False,False,4,True,True,False,DISPUTE,-1,True,16,0,False
INV-0246,CUST-0246,121100.0,2026-06-17,51,0,0,False,False,13,False,False,True,FORGOTTEN,-1,True,9,0,False
INV-0247,CUST-0247,121900.0,2026-05-06,49,0,0,False,False,5,False,False,False,FORGOTTEN,-1,True,7,0,False
INV-0248,CUST-0248,425500.0,2026-05-23,30,0,0,False,False,2,False,False,True,FORGOTTEN,-1,True,9,0,False
INV-0249,CUST-0249,35000.0,2026-04-20,43,0,0,False,False,1,True,False,False,CASH_CRUNCH,58,True,13,0,True
INV-0250,CUST-0250,405300.0,2026-06-04,66,0,0,False,True,26,True,True,True,CASH_CRUNCH,42,True,16,0,False
INV-0251,CUST-0251,218400.0,2026-05-29,39,1,0,False,True,18,False,False,False,DISPUTE,-1,True,9,0,False
INV-0252,CUST-0252,353200.0,2026-05-29,28,0,0,False,False,11,False,False,False,CHRONIC,-1,True,18,0,True
INV-0253,CUST-0253,114100.0,2026-06-13,43,0,0,False,False,14,False,False,True,FORGOTTEN,-1,True,7,0,False
INV-0254,CUST-0254,389900.0,2026-05-20,91,0,0,False,False,20,False,False,False,CASH_CRUNCH,62,True,9,0,False
INV-0255,CUST-0255,554400.0,2026-06-13,37,0,0,False,False,12,True,True,True,FORGOTTEN,-1,False,9,0,False
INV-0256,CUST-0256,178200.0,2026-04-27,59,0,0,True,False,28,True,False,True,CASH_CRUNCH,41,True,9,0,False
INV-0257,CUST-0257,268500.0,2026-04-17,32,0,0,False,False,11,True,False,False,FORGOTTEN,-1,False,13,0,False
INV-0258,CUST-0258,466400.0,2026-05-26,109,1,2,False,False,27,False,False,False,CHRONIC,-1,False,17,0,False
INV-0259,CUST-0259,39900.0,2026-05-26,64,0,0,False,False,27,True,False,False,CASH_CRUNCH,57,False,18,0,False
INV-0260,CUST-0260,104900.0,2026-05-28,53,1,0,False,False,21,True,True,False,CASH_CRUNCH,43,False,14,0,False
INV-0261,CUST-0261,228000.0,2026-06-04,63,0,0,True,False,27,True,True,True,CHRONIC,-1,True,13,0,True
INV-0262,CUST-0262,98500.0,2026-05-28,53,0,0,False,False,9,False,False,True,FORGOTTEN,-1,True,9,0,False
INV-0263,CUST-0263,80600.0,2026-06-27,72,5,0,False,False,13,True,True,True,DISPUTE,-1,False,20,0,False
INV-0264,CUST-0264,241200.0,2026-04-10,77,1,3,False,False,23,False,False,True,CHRONIC,-1,True,20,0,False
INV-0265,CUST-0265,62000.0,2026-05-22,110,1,0,False,False,22,False,False,False,CHRONIC,-1,True,17,3,False
INV-0266,CUST-0266,112500.0,2026-04-16,66,0,0,False,False,28,True,False,False,FORGOTTEN,-1,True,20,0,True
INV-0267,CUST-0267,130600.0,2026-06-14,57,0,0,True,False,14,True,True,False,FORGOTTEN,-1,False,21,0,True
INV-0268,CUST-0268,36200.0,2026-05-16,41,0,0,False,False,22,True,True,True,CASH_CRUNCH,44,False,17,2,False
INV-0269,CUST-0269,45800.0,2026-05-14,85,0,3,False,False,27,False,False,True,CHRONIC,-1,False,14,0,False
INV-0270,CUST-0270,809800.0,2026-06-21,30,2,0,False,True,8,False,False,True,CASH_CRUNCH,68,False,9,0,True
INV-0271,CUST-0271,266700.0,2026-04-12,43,3,0,True,False,15,True,False,True,FORGOTTEN,-1,True,14,2,True
INV-0272,CUST-0272,516900.0,2026-06-16,62,0,1,False,True,24,False,False,False,CASH_CRUNCH,59,True,7,0,False
INV-0273,CUST-0273,147000.0,2026-04-02,41,2,1,False,True,12,True,True,False,DISPUTE,-1,False,21,2,False
INV-0274,CUST-0274,188300.0,2026-05-21,42,0,0,False,False,6,False,False,True,FORGOTTEN,-1,False,21,0,False
INV-0275,CUST-0275,65600.0,2026-04-11,50,4,1,True,False,4,False,False,True,DISPUTE,-1,False,15,0,False
INV-0276,CUST-0276,85400.0,2026-05-17,93,0,1,False,False,12,False,False,True,CHRONIC,-1,False,17,4,False
INV-0277,CUST-0277,29100.0,2026-05-20,17,1,0,False,False,9,False,False,True,FORGOTTEN,-1,True,10,0,False
INV-0278,CUST-0278,120000.0,2026-06-22,47,0,0,False,True,7,True,False,True,FORGOTTEN,-1,True,15,0,False
INV-0279,CUST-0279,1823700.0,2026-04-17,66,1,0,False,False,28,True,True,False,CASH_CRUNCH,40,True,16,0,False
INV-0280,CUST-0280,300900.0,2026-04-28,37,1,0,True,False,15,True,True,True,DISPUTE,-1,False,19,0,False
INV-0281,CUST-0281,173100.0,2026-06-20,37,1,0,False,False,8,True,True,False,DISPUTE,-1,False,14,0,True
INV-0282,CUST-0282,86000.0,2026-04-16,43,0,0,False,False,10,True,False,False,FORGOTTEN,-1,False,16,0,False
INV-0283,CUST-0283,30700.0,2026-06-19,103,1,1,False,False,11,False,False,False,CHRONIC,-1,True,15,0,False
INV-0284,CUST-0284,141400.0,2026-06-29,61,0,0,False,False,10,True,False,True,FORGOTTEN,-1,False,10,0,False
INV-0285,CUST-0285,74200.0,2026-06-10,74,2,2,False,False,23,False,False,False,CHRONIC,-1,True,13,0,False
INV-0286,CUST-0286,339700.0,2026-04-03,79,0,0,False,False,24,True,True,False,CASH_CRUNCH,56,True,13,0,False
INV-0287,CUST-0287,257300.0,2026-04-13,73,1,2,False,False,16,False,False,True,CHRONIC,-1,False,17,0,False
INV-0288,CUST-0288,120700.0,2026-04-14,67,0,2,False,False,7,False,False,False,CHRONIC,-1,True,8,0,False
INV-0289,CUST-0289,291400.0,2026-04-04,46,0,1,False,False,12,True,False,True,FORGOTTEN,-1,False,10,0,False
INV-0290,CUST-0290,237400.0,2026-05-31,83,0,2,True,False,17,False,False,False,CHRONIC,-1,True,8,0,False
INV-0291,CUST-0291,34900.0,2026-04-30,94,2,2,False,False,19,False,False,False,CHRONIC,-1,True,20,0,False
INV-0292,CUST-0292,48400.0,2026-06-04,44,0,0,False,False,11,False,False,True,FORGOTTEN,-1,False,8,0,False
INV-0293,CUST-0293,46400.0,2026-05-27,85,1,1,False,False,14,False,False,True,CHRONIC,-1,True,16,0,False
INV-0294,CUST-0294,52700.0,2026-05-13,56,2,0,True,True,2,True,True,True,DISPUTE,-1,False,17,2,False
INV-0295,CUST-0295,57400.0,2026-06-18,70,0,0,False,False,24,True,True,False,CASH_CRUNCH,64,True,18,0,False
INV-0296,CUST-0296,159800.0,2026-04-15,54,1,0,False,False,25,True,False,True,CASH_CRUNCH,65,True,17,0,False
INV-0297,CUST-0297,158800.0,2026-06-29,63,0,0,False,False,26,True,False,False,CASH_CRUNCH,69,True,18,0,False
INV-0298,CUST-0298,25800.0,2026-06-19,59,2,1,False,True,4,True,False,True,DISPUTE,-1,False,14,0,False
INV-0299,CUST-0299,234100.0,2026-04-18,74,1,0,False,True,7,True,False,False,DISPUTE,-1,False,7,0,False
INV-0300,CUST-0300,73100.0,2026-04-12,96,1,1,False,False,8,False,False,True,CHRONIC,-1,True,10,0,False
INV-0301,CUST-0301,47300.0,2026-05-23,88,1,0,False,True,7,True,False,False,DISPUTE,-1,False,15,2,False
INV-0302,CUST-0302,117900.0,2026-04-06,30,0,0,False,False,10,True,False,False,FORGOTTEN,-1,False,13,0,False
INV-0303,CUST-0303,51300.0,2026-04-07,54,2,0,True,False,1,True,True,True,DISPUTE,-1,False,16,4,False
INV-0304,CUST-0304,393900.0,2026-05-16,97,0,5,False,False,4,False,False,True,CHRONIC,-1,True,17,0,False
INV-0305,CUST-0305,325000.0,2026-05-07,49,1,0,False,True,22,True,False,False,CASH_CRUNCH,69,True,17,0,False
INV-0306,CUST-0306,201400.0,2026-06-28,61,1,0,False,False,25,True,False,True,CASH_CRUNCH,51,True,17,0,False
INV-0307,CUST-0307,10100.0,2026-06-13,48,0,1,False,False,7,True,False,False,FORGOTTEN,-1,False,20,2,False
INV-0308,CUST-0308,59400.0,2026-04-12,58,2,0,False,True,3,True,True,False,DISPUTE,-1,False,8,4,False
INV-0309,CUST-0309,261600.0,2026-06-22,59,0,0,False,False,28,True,False,True,CASH_CRUNCH,68,True,8,0,False
INV-0310,CUST-0310,311400.0,2026-05-01,76,3,0,True,True,12,True,True,True,DISPUTE,-1,False,12,0,False
INV-0311,CUST-0311,362100.0,2026-06-19,64,1,0,False,False,26,True,True,True,CASH_CRUNCH,61,True,16,0,False
INV-0312,CUST-0312,335100.0,2026-06-18,43,0,0,False,False,4,True,True,False,FORGOTTEN,-1,True,17,0,False
INV-0313,CUST-0313,710900.0,2026-04-29,67,1,0,False,False,22,False,False,True,CASH_CRUNCH,60,True,14,0,False
INV-0314,CUST-0314,450300.0,2026-05-24,63,1,0,False,False,26,True,False,False,CASH_CRUNCH,56,False,9,2,False
INV-0315,CUST-0315,353400.0,2026-04-21,47,3,1,False,True,17,False,False,True,DISPUTE,-1,False,10,0,False
INV-0316,CUST-0316,750400.0,2026-04-07,27,0,0,False,False,3,True,False,False,FORGOTTEN,-1,True,19,0,False
INV-0317,CUST-0317,129700.0,2026-05-20,54,0,0,False,False,12,True,True,False,FORGOTTEN,-1,True,10,0,False
INV-0318,CUST-0318,73700.0,2026-05-26,43,1,0,False,False,3,True,False,False,FORGOTTEN,-1,True,15,0,False
INV-0319,CUST-0319,56700.0,2026-04-06,39,0,0,False,False,13,True,False,False,FORGOTTEN,-1,True,13,0,False
INV-0320,CUST-0320,75600.0,2026-04-29,55,0,1,False,False,5,True,False,True,FORGOTTEN,-1,True,13,0,False
INV-0321,CUST-0321,36700.0,2026-04-14,96,1,2,False,False,4,False,False,True,CHRONIC,-1,True,10,0,False
INV-0322,CUST-0322,26700.0,2026-05-16,66,1,0,False,False,28,False,False,True,CASH_CRUNCH,57,True,11,0,False
INV-0323,CUST-0323,23300.0,2026-05-11,49,2,0,True,True,1,True,True,True,DISPUTE,-1,False,10,0,False
INV-0324,CUST-0324,83000.0,2026-06-07,89,0,1,False,False,11,False,False,True,CHRONIC,-1,True,7,0,False
INV-0325,CUST-0325,203400.0,2026-06-17,40,0,0,False,False,15,True,False,True,FORGOTTEN,-1,False,21,0,False
INV-0326,CUST-0326,65200.0,2026-04-03,61,0,0,False,False,11,True,False,False,FORGOTTEN,-1,False,19,0,False
INV-0327,CUST-0327,157400.0,2026-06-22,100,1,1,False,False,26,True,False,True,CHRONIC,-1,True,18,0,False
INV-0328,CUST-0328,83700.0,2026-04-30,28,1,0,True,False,6,True,False,False,FORGOTTEN,-1,True,19,0,False
INV-0329,CUST-0329,59900.0,2026-05-24,86,0,1,False,False,24,True,True,False,CHRONIC,-1,True,14,0,False
INV-0330,CUST-0330,321500.0,2026-04-16,88,0,3,False,False,18,False,False,True,CHRONIC,-1,True,17,4,False
INV-0331,CUST-0331,17800.0,2026-05-18,59,0,0,True,False,24,True,False,False,FORGOTTEN,-1,True,17,0,True
INV-0332,CUST-0332,257300.0,2026-06-15,54,0,0,False,False,5,False,False,False,FORGOTTEN,-1,True,12,0,False
INV-0333,CUST-0333,119800.0,2026-05-07,43,0,1,False,False,3,True,False,True,FORGOTTEN,-1,False,11,0,False
INV-0334,CUST-0334,94900.0,2026-06-12,68,1,0,True,False,15,True,True,True,DISPUTE,-1,False,13,4,False
INV-0335,CUST-0335,33300.0,2026-06-17,40,0,0,False,False,10,True,True,False,FORGOTTEN,-1,True,15,0,False
INV-0336,CUST-0336,174100.0,2026-05-09,73,2,0,False,False,12,False,False,False,DISPUTE,-1,False,12,0,False
INV-0337,CUST-0337,111300.0,2026-06-14,68,1,0,False,False,21,True,False,False,CASH_CRUNCH,68,False,15,0,False
INV-0338,CUST-0338,299400.0,2026-05-19,63,3,1,True,True,4,True,True,False,DISPUTE,-1,False,18,0,False
INV-0339,CUST-0339,1779100.0,2026-04-02,38,1,0,False,False,13,True,False,True,FORGOTTEN,-1,True,9,0,False
INV-0340,CUST-0340,278800.0,2026-06-11,48,0,0,False,False,3,True,False,False,FORGOTTEN,-1,True,12,0,False
INV-0341,CUST-0341,233600.0,2026-06-04,52,1,1,True,False,5,True,True,False,FORGOTTEN,-1,True,18,0,True
INV-0342,CUST-0342,170000.0,2026-05-30,35,0,0,False,False,10,True,False,False,FORGOTTEN,-1,False,8,0,False
INV-0343,CUST-0343,64000.0,2026-06-19,66,2,0,False,False,23,True,True,False,CASH_CRUNCH,59,False,14,0,False
INV-0344,CUST-0344,243200.0,2026-06-12,53,0,1,False,False,8,True,False,False,FORGOTTEN,-1,True,17,0,False
INV-0345,CUST-0345,19800.0,2026-05-05,27,0,0,False,False,11,False,False,True,FORGOTTEN,-1,True,13,0,False
INV-0346,CUST-0346,271700.0,2026-04-21,65,2,0,True,True,14,True,True,True,DISPUTE,-1,False,9,4,False
INV-0347,CUST-0347,171500.0,2026-06-23,44,2,0,False,True,1,True,True,False,DISPUTE,-1,False,12,4,False
INV-0348,CUST-0348,186800.0,2026-06-08,52,0,0,False,False,5,True,True,True,FORGOTTEN,-1,False,13,0,False
INV-0349,CUST-0349,170100.0,2026-06-23,99,2,3,True,False,5,False,False,False,CHRONIC,-1,True,21,0,False
INV-0350,CUST-0350,65700.0,2026-05-27,75,1,0,False,True,6,True,True,False,DISPUTE,-1,False,19,3,False
INV-0351,CUST-0351,113900.0,2026-04-24,47,0,0,False,False,10,True,True,False,FORGOTTEN,-1,True,21,0,False
INV-0352,CUST-0352,68400.0,2026-04-03,90,1,2,False,False,26,False,False,False,CHRONIC,-1,True,10,0,False
INV-0353,CUST-0353,38900.0,2026-04-30,62,1,0,False,False,21,True,True,True,CASH_CRUNCH,58,True,17,0,False
INV-0354,CUST-0354,203100.0,2026-06-19,39,0,0,False,False,7,True,False,True,FORGOTTEN,-1,True,17,0,False
INV-0355,CUST-0355,74100.0,2026-05-24,83,0,3,False,True,23,False,False,True,CHRONIC,-1,True,7,0,False
INV-0356,CUST-0356,64800.0,2026-04-27,63,1,1,False,False,7,False,False,False,CHRONIC,-1,True,16,0,False
INV-0357,CUST-0357,36200.0,2026-04-02,27,0,1,False,False,3,True,False,True,FORGOTTEN,-1,True,19,0,False
INV-0358,CUST-0358,22600.0,2026-05-22,76,0,1,False,False,25,True,False,False,CASH_CRUNCH,50,False,10,0,False
INV-0359,CUST-0359,84700.0,2026-04-07,101,1,3,False,False,28,True,False,False,CHRONIC,-1,False,14,0,False
INV-0360,CUST-0360,63700.0,2026-05-27,70,0,0,False,False,20,True,True,True,CASH_CRUNCH,44,False,13,0,False
INV-0361,CUST-0361,16200.0,2026-04-17,27,0,0,False,False,8,True,True,True,DISPUTE,-1,False,17,0,False
INV-0362,CUST-0362,83500.0,2026-06-28,89,1,3,False,False,24,False,False,True,CHRONIC,-1,True,10,0,False
INV-0363,CUST-0363,207800.0,2026-06-25,43,1,1,True,False,16,True,True,False,DISPUTE,-1,False,8,2,False
INV-0364,CUST-0364,539400.0,2026-05-23,30,0,0,False,False,4,True,False,False,FORGOTTEN,-1,True,21,0,False
INV-0365,CUST-0365,517800.0,2026-04-16,59,2,0,True,False,2,True,True,False,DISPUTE,-1,False,20,0,False
INV-0366,CUST-0366,111400.0,2026-06-20,53,1,0,False,False,21,True,False,False,CASH_CRUNCH,53,True,19,0,False
INV-0367,CUST-0367,49100.0,2026-04-07,52,0,0,False,False,9,True,False,False,FORGOTTEN,-1,True,11,0,False
INV-0368,CUST-0368,110800.0,2026-05-31,73,1,0,False,False,26,True,False,False,CASH_CRUNCH,67,True,21,0,False
INV-0369,CUST-0369,183600.0,2026-04-30,56,2,0,False,False,1,True,True,True,DISPUTE,-1,False,21,0,False
INV-0370,CUST-0370,19900.0,2026-05-08,35,0,0,False,False,11,False,False,True,DISPUTE,-1,False,17,0,False
INV-0371,CUST-0371,20000.0,2026-06-29,73,1,0,False,True,26,True,False,False,CASH_CRUNCH,61,True,12,0,False
INV-0372,CUST-0372,139600.0,2026-05-25,26,1,0,False,False,2,True,True,False,FORGOTTEN,-1,False,17,0,False
INV-0373,CUST-0373,91300.0,2026-04-06,45,0,0,False,False,14,True,False,True,FORGOTTEN,-1,False,12,0,False
INV-0374,CUST-0374,206000.0,2026-05-03,63,1,1,False,False,15,False,False,False,CHRONIC,-1,True,17,3,False
INV-0375,CUST-0375,49000.0,2026-05-26,83,2,2,True,False,25,False,False,False,CHRONIC,-1,True,14,0,False
INV-0376,CUST-0376,304900.0,2026-06-15,91,1,0,False,False,8,False,False,False,CHRONIC,-1,True,21,2,False
INV-0377,CUST-0377,124600.0,2026-05-21,55,1,0,False,False,11,True,False,True,DISPUTE,-1,False,8,2,False
INV-0378,CUST-0378,31100.0,2026-05-05,70,0,0,False,False,22,True,True,True,CASH_CRUNCH,46,True,10,0,False
INV-0379,CUST-0379,70200.0,2026-06-15,59,0,1,True,False,1,True,False,False,DISPUTE,-1,True,9,0,False
INV-0380,CUST-0380,70000.0,2026-04-24,81,1,2,False,False,4,True,False,False,FORGOTTEN,-1,True,16,0,True
INV-0381,CUST-0381,49100.0,2026-06-16,70,1,2,False,False,21,False,False,True,CHRONIC,-1,True,19,0,False
INV-0382,CUST-0382,658700.0,2026-04-06,57,2,1,False,True,6,True,True,False,DISPUTE,-1,False,9,0,False
INV-0383,CUST-0383,286000.0,2026-04-21,101,1,3,False,False,25,False,False,False,CHRONIC,-1,True,7,0,False
INV-0384,CUST-0384,33200.0,2026-04-20,31,0,0,True,False,4,False,False,True,FORGOTTEN,-1,False,17,0,False
INV-0385,CUST-0385,215100.0,2026-05-14,42,0,0,False,False,11,True,False,False,FORGOTTEN,-1,False,12,0,False
INV-0386,CUST-0386,737500.0,2026-06-16,64,5,0,False,True,13,True,True,False,DISPUTE,-1,False,21,0,False
INV-0387,CUST-0387,114600.0,2026-05-28,44,0,0,False,False,7,True,False,False,FORGOTTEN,-1,False,19,0,False
INV-0388,CUST-0388,541200.0,2026-06-22,59,2,0,True,True,16,True,False,True,DISPUTE,-1,False,13,0,False
INV-0389,CUST-0389,410500.0,2026-06-09,43,0,1,False,False,9,True,False,True,FORGOTTEN,-1,True,8,0,False
INV-0390,CUST-0390,38600.0,2026-04-03,60,0,1,False,False,22,True,True,True,FORGOTTEN,-1,False,9,0,True
INV-0391,CUST-0391,149600.0,2026-04-11,69,0,0,False,False,22,True,True,True,CASH_CRUNCH,67,False,8,0,False
INV-0392,CUST-0392,99600.0,2026-04-06,63,2,0,True,True,1,True,False,True,CASH_CRUNCH,59,True,13,0,True
INV-0393,CUST-0393,177900.0,2026-04-07,100,2,2,False,False,18,False,False,True,CHRONIC,-1,True,8,0,False
INV-0394,CUST-0394,12900.0,2026-05-19,78,0,0,False,False,26,True,True,True,CASH_CRUNCH,47,True,11,4,False
INV-0395,CUST-0395,512500.0,2026-05-12,37,0,0,False,False,10,True,False,False,FORGOTTEN,-1,True,9,0,False
INV-0396,CUST-0396,238500.0,2026-04-25,61,0,1,False,False,25,True,True,False,CASH_CRUNCH,66,True,13,0,False
INV-0397,CUST-0397,187900.0,2026-06-02,52,0,0,False,False,1,True,False,True,FORGOTTEN,-1,True,7,0,False
INV-0398,CUST-0398,237200.0,2026-04-02,51,1,0,False,False,1,True,False,True,FORGOTTEN,-1,True,7,0,False
INV-0399,CUST-0399,214300.0,2026-06-29,39,2,0,True,True,13,True,True,True,DISPUTE,-1,False,21,0,False
INV-0400,CUST-0400,164900.0,2026-05-30,84,0,0,False,True,14,False,False,False,CHRONIC,-1,True,18,0,False
INV-0401,CUST-0401,32600.0,2026-05-12,50,0,0,False,False,24,True,True,False,CASH_CRUNCH,66,True,14,0,False
INV-0402,CUST-0402,182200.0,2026-04-04,42,1,0,False,False,17,True,True,True,DISPUTE,-1,False,13,0,False
INV-0403,CUST-0403,62700.0,2026-04-09,75,1,2,False,False,17,False,False,True,CHRONIC,-1,True,20,0,False
INV-0404,CUST-0404,92700.0,2026-05-06,77,1,0,False,True,5,False,False,True,CASH_CRUNCH,40,True,16,3,True
INV-0405,CUST-0405,18400.0,2026-05-16,55,0,0,False,False,11,False,False,False,FORGOTTEN,-1,True,18,0,False
INV-0406,CUST-0406,41500.0,2026-04-07,113,2,3,False,False,27,False,False,False,CHRONIC,-1,True,14,0,False
INV-0407,CUST-0407,219200.0,2026-06-03,25,0,0,False,False,11,True,False,True,FORGOTTEN,-1,True,12,0,False
INV-0408,CUST-0408,123700.0,2026-05-12,63,0,0,False,False,12,True,True,False,FORGOTTEN,-1,True,15,0,False
INV-0409,CUST-0409,259000.0,2026-04-26,101,0,1,False,False,14,False,False,False,CHRONIC,-1,True,13,0,False
INV-0410,CUST-0410,56800.0,2026-04-13,47,0,1,False,False,14,True,False,False,FORGOTTEN,-1,True,14,0,False
INV-0411,CUST-0411,144800.0,2026-06-27,64,0,1,False,False,18,False,False,True,CHRONIC,-1,True,11,0,False
INV-0412,CUST-0412,91800.0,2026-04-13,42,0,0,False,False,6,False,False,False,FORGOTTEN,-1,True,16,0,False
INV-0413,CUST-0413,74400.0,2026-04-29,60,0,0,False,False,21,True,False,True,CASH_CRUNCH,54,True,9,0,False
INV-0414,CUST-0414,146200.0,2026-04-09,77,0,1,False,False,21,True,False,True,CASH_CRUNCH,56,False,13,0,False
INV-0415,CUST-0415,167900.0,2026-04-13,71,0,3,True,False,13,False,False,True,CHRONIC,-1,True,20,0,False
INV-0416,CUST-0416,42400.0,2026-04-02,73,0,0,False,False,4,True,False,False,FORGOTTEN,-1,False,15,0,False
INV-0417,CUST-0417,132700.0,2026-05-13,32,0,0,False,False,3,True,False,False,FORGOTTEN,-1,False,18,0,False
INV-0418,CUST-0418,360200.0,2026-04-01,74,3,0,False,False,15,True,True,False,DISPUTE,-1,False,19,0,False
INV-0419,CUST-0419,154300.0,2026-04-23,60,0,0,False,False,1,True,False,False,FORGOTTEN,-1,False,20,0,False
INV-0420,CUST-0420,371400.0,2026-05-18,38,1,0,True,False,4,True,False,False,FORGOTTEN,-1,False,14,0,False
INV-0421,CUST-0421,773300.0,2026-06-21,62,0,0,False,False,1,True,False,True,CHRONIC,-1,True,9,0,True
INV-0422,CUST-0422,74900.0,2026-04-03,50,0,0,False,False,10,False,False,True,FORGOTTEN,-1,True,11,0,False
INV-0423,CUST-0423,222200.0,2026-06-04,32,0,0,False,False,15,True,False,True,FORGOTTEN,-1,False,15,0,False
INV-0424,CUST-0424,34000.0,2026-06-02,51,0,0,False,False,24,True,False,False,CASH_CRUNCH,68,True,8,0,False
INV-0425,CUST-0425,254800.0,2026-05-26,39,0,0,False,False,3,True,False,False,FORGOTTEN,-1,True,16,0,False
INV-0426,CUST-0426,408100.0,2026-04-22,31,0,0,False,False,7,False,False,False,FORGOTTEN,-1,False,21,0,False
INV-0427,CUST-0427,94700.0,2026-05-02,42,2,0,False,False,3,False,False,True,FORGOTTEN,-1,False,18,0,False
INV-0428,CUST-0428,139500.0,2026-05-15,40,0,0,False,False,2,False,False,True,FORGOTTEN,-1,True,8,0,False
INV-0429,CUST-0429,134700.0,2026-04-01,59,1,0,False,False,11,True,False,False,FORGOTTEN,-1,True,10,0,False
INV-0430,CUST-0430,227500.0,2026-04-11,73,0,0,False,False,25,True,False,True,CASH_CRUNCH,67,True,14,0,False
INV-0431,CUST-0431,217700.0,2026-05-30,62,0,1,True,True,23,False,False,False,DISPUTE,-1,False,18,0,True
INV-0432,CUST-0432,180100.0,2026-06-25,42,0,1,False,False,11,True,False,True,FORGOTTEN,-1,True,20,0,False
INV-0433,CUST-0433,106000.0,2026-05-12,89,2,0,True,True,9,False,False,False,DISPUTE,-1,True,8,0,False
INV-0434,CUST-0434,376600.0,2026-05-12,48,0,2,False,False,26,False,False,True,CASH_CRUNCH,41,False,12,0,False
INV-0435,CUST-0435,221100.0,2026-05-25,58,0,0,False,False,23,True,True,False,CASH_CRUNCH,54,True,15,0,False
INV-0436,CUST-0436,25100.0,2026-05-30,55,6,0,True,True,6,True,True,False,DISPUTE,-1,False,13,0,False
INV-0437,CUST-0437,203200.0,2026-05-03,48,0,1,False,False,13,True,False,False,FORGOTTEN,-1,True,11,2,False
INV-0438,CUST-0438,124100.0,2026-04-08,23,0,0,False,False,2,False,False,True,FORGOTTEN,-1,True,19,0,False
INV-0439,CUST-0439,105200.0,2026-05-18,100,2,3,False,False,2,False,False,True,CHRONIC,-1,True,12,0,False
INV-0440,CUST-0440,105700.0,2026-05-11,17,0,0,False,False,6,True,False,False,FORGOTTEN,-1,True,8,0,False
INV-0441,CUST-0441,36000.0,2026-05-07,91,0,0,False,False,24,True,False,True,CASH_CRUNCH,63,True,14,0,False
INV-0442,CUST-0442,50300.0,2026-04-18,58,0,1,False,False,25,True,True,True,CASH_CRUNCH,48,True,12,0,False
INV-0443,CUST-0443,109900.0,2026-06-11,49,2,0,False,True,12,True,True,True,DISPUTE,-1,False,19,0,False
INV-0444,CUST-0444,196500.0,2026-05-06,72,0,2,False,False,28,True,False,False,CASH_CRUNCH,64,True,8,0,False
INV-0445,CUST-0445,39600.0,2026-04-20,28,0,0,False,False,15,True,True,True,FORGOTTEN,-1,True,11,0,False
INV-0446,CUST-0446,246800.0,2026-06-27,72,1,3,False,False,4,False,False,True,CHRONIC,-1,True,10,0,False
INV-0447,CUST-0447,34100.0,2026-04-29,44,0,1,False,False,2,True,False,True,FORGOTTEN,-1,True,14,0,False
INV-0448,CUST-0448,598200.0,2026-06-14,68,0,0,False,True,15,True,True,False,DISPUTE,-1,False,14,0,False
INV-0449,CUST-0449,217400.0,2026-05-29,28,0,0,False,False,13,False,False,False,FORGOTTEN,-1,True,7,0,False
INV-0450,CUST-0450,84600.0,2026-06-05,70,0,0,False,False,24,True,False,False,CASH_CRUNCH,68,True,13,0,False
INV-0451,CUST-0451,41900.0,2026-06-22,38,0,0,False,False,15,True,False,False,FORGOTTEN,-1,True,14,0,False
INV-0452,CUST-0452,85600.0,2026-04-16,69,1,3,False,False,21,False,False,True,CHRONIC,-1,True,12,0,False
INV-0453,CUST-0453,219500.0,2026-04-03,63,0,0,False,False,26,False,False,False,CASH_CRUNCH,47,True,19,0,False
INV-0454,CUST-0454,135300.0,2026-06-08,34,1,0,False,False,3,True,True,False,FORGOTTEN,-1,True,15,0,False
INV-0455,CUST-0455,75100.0,2026-04-01,120,1,5,False,False,26,False,False,False,CHRONIC,-1,True,10,0,False
INV-0456,CUST-0456,655800.0,2026-05-01,53,1,0,True,False,26,False,False,True,DISPUTE,-1,False,19,0,True
INV-0457,CUST-0457,92500.0,2026-04-11,38,0,0,False,False,8,True,True,True,FORGOTTEN,-1,False,9,0,False
INV-0458,CUST-0458,97500.0,2026-06-25,63,4,0,False,True,10,True,True,True,FORGOTTEN,-1,True,12,0,True
INV-0459,CUST-0459,55800.0,2026-05-26,64,0,0,False,False,25,True,False,False,CASH_CRUNCH,50,True,13,0,False
INV-0460,CUST-0460,125800.0,2026-04-16,50,0,1,False,False,22,False,False,True,CASH_CRUNCH,52,True,18,0,False
INV-0461,CUST-0461,49700.0,2026-05-01,98,1,3,False,False,21,False,False,True,CHRONIC,-1,True,19,0,False
INV-0462,CUST-0462,100900.0,2026-05-23,34,0,0,False,False,14,True,False,False,FORGOTTEN,-1,True,21,0,False
INV-0463,CUST-0463,115600.0,2026-05-11,48,1,2,False,True,7,True,False,True,DISPUTE,-1,False,21,0,False
INV-0464,CUST-0464,319100.0,2026-06-16,53,0,0,False,False,25,True,False,False,CASH_CRUNCH,53,True,18,0,False
INV-0465,CUST-0465,80200.0,2026-06-29,30,0,0,False,False,14,True,False,True,FORGOTTEN,-1,False,19,0,False
INV-0466,CUST-0466,46900.0,2026-06-06,71,1,1,False,True,17,False,False,True,CHRONIC,-1,True,9,0,False
INV-0467,CUST-0467,83600.0,2026-04-30,44,1,0,False,False,23,True,True,False,CASH_CRUNCH,51,True,16,0,False
INV-0468,CUST-0468,124600.0,2026-05-19,35,0,0,False,False,7,True,False,False,FORGOTTEN,-1,True,20,0,False
INV-0469,CUST-0469,37500.0,2026-06-02,59,0,0,False,False,28,True,False,True,CASH_CRUNCH,70,False,16,4,False
INV-0470,CUST-0470,23600.0,2026-04-18,29,2,0,True,True,5,True,False,False,DISPUTE,-1,False,11,4,False
INV-0471,CUST-0471,146700.0,2026-06-27,110,1,2,False,False,1,False,False,False,CHRONIC,-1,False,13,0,False
INV-0472,CUST-0472,263900.0,2026-04-05,54,0,0,True,False,10,False,False,False,FORGOTTEN,-1,False,12,0,False
INV-0473,CUST-0473,36300.0,2026-05-30,78,0,5,False,False,16,False,False,False,DISPUTE,-1,False,12,0,True
INV-0474,CUST-0474,86800.0,2026-04-03,86,3,1,False,False,5,False,False,False,CASH_CRUNCH,64,True,9,0,True
INV-0475,CUST-0475,101000.0,2026-04-12,26,0,0,False,False,2,True,True,True,FORGOTTEN,-1,False,18,0,False
INV-0476,CUST-0476,80800.0,2026-06-13,67,0,0,False,False,1,True,True,True,FORGOTTEN,-1,True,13,0,False
INV-0477,CUST-0477,38900.0,2026-06-21,46,0,0,False,False,11,True,False,True,FORGOTTEN,-1,True,20,0,False
INV-0478,CUST-0478,481500.0,2026-04-04,57,0,1,False,False,20,True,True,False,CASH_CRUNCH,50,True,8,0,False
INV-0479,CUST-0479,68700.0,2026-04-14,41,0,0,False,False,9,False,False,True,FORGOTTEN,-1,False,14,0,False
INV-0480,CUST-0480,74800.0,2026-05-03,80,1,4,True,False,3,False,False,True,CHRONIC,-1,True,15,0,False
INV-0481,CUST-0481,85900.0,2026-05-11,50,0,0,True,False,14,True,True,True,FORGOTTEN,-1,False,10,0,False
INV-0482,CUST-0482,88500.0,2026-04-27,56,2,0,True,True,8,False,False,True,DISPUTE,-1,False,20,3,False
INV-0483,CUST-0483,182600.0,2026-05-15,46,1,0,False,False,12,True,True,False,FORGOTTEN,-1,True,17,0,False
INV-0484,CUST-0484,347900.0,2026-06-22,73,2,0,False,True,23,True,True,False,CASH_CRUNCH,53,True,13,0,False
INV-0485,CUST-0485,32200.0,2026-04-26,48,0,0,False,False,6,True,False,False,FORGOTTEN,-1,True,14,0,False
INV-0486,CUST-0486,55800.0,2026-06-13,81,3,2,True,True,10,True,True,True,DISPUTE,-1,False,21,0,False
INV-0487,CUST-0487,62200.0,2026-06-25,45,3,1,False,True,2,True,True,False,DISPUTE,-1,False,18,2,False
INV-0488,CUST-0488,43500.0,2026-05-31,58,0,0,True,False,9,True,False,False,FORGOTTEN,-1,True,17,0,False
INV-0489,CUST-0489,552400.0,2026-04-06,79,0,0,False,False,27,True,False,False,CASH_CRUNCH,54,True,17,4,False
INV-0490,CUST-0490,17700.0,2026-04-10,43,3,0,True,True,4,True,True,True,DISPUTE,-1,False,12,0,False
INV-0491,CUST-0491,214900.0,2026-04-27,90,2,2,False,True,4,False,False,False,CHRONIC,-1,True,17,0,False
INV-0492,CUST-0492,103700.0,2026-04-12,67,3,0,False,False,28,True,False,True,CHRONIC,-1,False,20,0,False
INV-0493,CUST-0493,121900.0,2026-06-11,41,2,0,False,False,15,False,False,True,FORGOTTEN,-1,True,20,0,False
INV-0494,CUST-0494,78500.0,2026-05-07,27,0,0,False,False,1,True,False,False,FORGOTTEN,-1,True,19,0,False
INV-0495,CUST-0495,89100.0,2026-04-25,59,0,2,False,False,25,False,False,False,CASH_CRUNCH,53,True,18,0,False
INV-0496,CUST-0496,81900.0,2026-04-05,56,0,0,False,False,7,True,True,True,FORGOTTEN,-1,True,12,0,False
INV-0497,CUST-0497,89400.0,2026-06-05,41,0,0,False,False,11,True,False,True,FORGOTTEN,-1,True,7,0,False
INV-0498,CUST-0498,83700.0,2026-04-21,78,0,0,False,False,26,False,False,True,CHRONIC,-1,True,19,0,False
INV-0499,CUST-0499,7900.0,2026-04-23,100,1,4,False,False,23,False,False,False,CHRONIC,-1,True,18,0,False
INV-0500,CUST-0500,94000.0,2026-05-31,52,0,0,False,False,3,False,False,True,FORGOTTEN,-1,False,16,0,False
